Package,LibPath,Version,Priority,Built
abind,/Users/jenny/resources/R/library,1.4-5,NA,3.4.0
acepack,/Users/jenny/resources/R/library,1.4.1,NA,3.4.0
ade4,/Users/jenny/resources/R/library,1.7-10,NA,3.4.3
ade4TkGUI,/Users/jenny/resources/R/library,0.2-9,NA,3.4.0
adegraphics,/Users/jenny/resources/R/library,1.0-9,NA,3.4.3
adehabitatLT,/Users/jenny/resources/R/library,0.3.23,NA,3.4.3
adehabitatMA,/Users/jenny/resources/R/library,0.3.12,NA,3.4.3
AER,/Users/jenny/resources/R/library,1.2-5,NA,3.4.0
agricolae,/Users/jenny/resources/R/library,1.2-8,NA,3.4.1
AICcmodavg,/Users/jenny/resources/R/library,2.1-1,NA,3.4.1
akima,/Users/jenny/resources/R/library,0.6-2,NA,3.4.0
AlgDesign,/Users/jenny/resources/R/library,1.1-7.3,NA,3.4.0
alr4,/Users/jenny/resources/R/library,1.0.5,NA,3.4.0
animation,/Users/jenny/resources/R/library,2.5,NA,3.4.0
ape,/Users/jenny/resources/R/library,5.0,NA,3.4.2
aplpack,/Users/jenny/resources/R/library,1.3.0,NA,3.4.0
argparse,/Users/jenny/resources/R/library,1.1.1,NA,3.4.3
arm,/Users/jenny/resources/R/library,1.9-3,NA,3.4.0
aRxiv,/Users/jenny/resources/R/library,0.5.16,NA,3.4.0
ascii,/Users/jenny/resources/R/library,2.1,NA,3.4.0
ash,/Users/jenny/resources/R/library,1.0-15,NA,3.4.0
assertive,/Users/jenny/resources/R/library,0.3-5,NA,3.4.0
assertive.base,/Users/jenny/resources/R/library,0.0-7,NA,3.4.0
assertive.code,/Users/jenny/resources/R/library,0.0-1,NA,3.4.0
assertive.data,/Users/jenny/resources/R/library,0.0-1,NA,3.4.0
assertive.data.uk,/Users/jenny/resources/R/library,0.0-1,NA,3.4.0
assertive.data.us,/Users/jenny/resources/R/library,0.0-1,NA,3.4.0
assertive.datetimes,/Users/jenny/resources/R/library,0.0-2,NA,3.4.0
assertive.files,/Users/jenny/resources/R/library,0.0-2,NA,3.4.0
assertive.matrices,/Users/jenny/resources/R/library,0.0-1,NA,3.4.0
assertive.models,/Users/jenny/resources/R/library,0.0-1,NA,3.4.0
assertive.numbers,/Users/jenny/resources/R/library,0.0-2,NA,3.4.0
assertive.properties,/Users/jenny/resources/R/library,0.0-4,NA,3.4.0
assertive.reflection,/Users/jenny/resources/R/library,0.0-4,NA,3.4.0
assertive.sets,/Users/jenny/resources/R/library,0.0-3,NA,3.4.0
assertive.strings,/Users/jenny/resources/R/library,0.0-3,NA,3.4.0
assertive.types,/Users/jenny/resources/R/library,0.0-3,NA,3.4.0
assertr,/Users/jenny/resources/R/library,2.0.2.2,NA,3.4.0
assertthat,/Users/jenny/resources/R/library,0.2.0,NA,3.4.0
async,/Users/jenny/resources/R/library,0.0.0.9000,NA,3.4.2
AUC,/Users/jenny/resources/R/library,0.3.0,NA,3.4.0
audio,/Users/jenny/resources/R/library,0.1-5,NA,3.4.0
aws.signature,/Users/jenny/resources/R/library,0.3.5,NA,3.4.1
babynames,/Users/jenny/resources/R/library,0.3.0,NA,3.4.0
backports,/Users/jenny/resources/R/library,1.1.2,NA,3.4.3
base64,/Users/jenny/resources/R/library,2.0,NA,3.4.0
base64enc,/Users/jenny/resources/R/library,0.1-3,NA,3.4.0
BatchJobs,/Users/jenny/resources/R/library,1.7,NA,3.4.3
bayesplot,/Users/jenny/resources/R/library,1.4.0,NA,3.4.3
BB,/Users/jenny/resources/R/library,2014.10-1,NA,3.4.0
BBmisc,/Users/jenny/resources/R/library,1.11,NA,3.4.0
bbmle,/Users/jenny/resources/R/library,1.0.20,NA,3.4.2
bdsmatrix,/Users/jenny/resources/R/library,1.3-3,NA,3.4.3
beanplot,/Users/jenny/resources/R/library,1.2,NA,3.4.0
beeswarm,/Users/jenny/resources/R/library,0.2.3,NA,3.4.0
betareg,/Users/jenny/resources/R/library,3.1-0,NA,3.4.0
BH,/Users/jenny/resources/R/library,1.65.0-1,NA,3.4.1
bibtex,/Users/jenny/resources/R/library,0.4.2,NA,3.4.1
biclust,/Users/jenny/resources/R/library,1.2.0,NA,3.4.0
biglm,/Users/jenny/resources/R/library,0.9-1,NA,3.4.0
bindr,/Users/jenny/resources/R/library,0.1,NA,3.4.0
bindrcpp,/Users/jenny/resources/R/library,0.2,NA,3.4.0
binGroup,/Users/jenny/resources/R/library,1.1-0,NA,3.4.0
bit,/Users/jenny/resources/R/library,1.1-12,NA,3.4.0
bit64,/Users/jenny/resources/R/library,0.9-7,NA,3.4.0
bitops,/Users/jenny/resources/R/library,1.0-6,NA,3.4.0
blob,/Users/jenny/resources/R/library,1.1.0,NA,3.4.0
blogdown,/Users/jenny/resources/R/library,0.5,NA,3.4.3
BMA,/Users/jenny/resources/R/library,3.18.7,NA,3.4.0
bmp,/Users/jenny/resources/R/library,0.3,NA,3.4.1
bookdown,/Users/jenny/resources/R/library,0.6,NA,3.4.3
bootstrap,/Users/jenny/resources/R/library,2017.2,NA,3.4.0
boxes,/Users/jenny/resources/R/library,0.0.0.9000,NA,3.4.1
brew,/Users/jenny/resources/R/library,1.0-6,NA,3.4.0
broman,/Users/jenny/resources/R/library,0.67-4,NA,3.4.3
broom,/Users/jenny/resources/R/library,0.4.3,NA,3.4.3
BRRR,/Users/jenny/resources/R/library,1.2,NA,3.4.2
btergm,/Users/jenny/resources/R/library,1.9.0,NA,3.4.0
buzzy,/Users/jenny/resources/R/library,0.0.0.9000,NA,3.4.2
ca,/Users/jenny/resources/R/library,0.70,NA,3.4.0
Cairo,/Users/jenny/resources/R/library,1.5-9,NA,3.4.0
callr,/Users/jenny/resources/R/library,2.0.0,NA,3.4.3
candisc,/Users/jenny/resources/R/library,0.8-0,NA,3.4.2
car,/Users/jenny/resources/R/library,2.1-6,NA,3.4.3
carData,/Users/jenny/resources/R/library,3.0-0,NA,3.4.1
caret,/Users/jenny/resources/R/library,6.0-78,NA,3.4.3
catdata,/Users/jenny/resources/R/library,1.2.1,NA,3.4.0
caTools,/Users/jenny/resources/R/library,1.17.1,NA,3.4.0
cba,/Users/jenny/resources/R/library,0.2-19,NA,3.4.0
cellranger,/Users/jenny/resources/R/library,1.1.0,NA,3.4.0
checkmate,/Users/jenny/resources/R/library,1.8.5,NA,3.4.2
chemometrics,/Users/jenny/resources/R/library,1.4.2,NA,3.4.0
chron,/Users/jenny/resources/R/library,2.3-52,NA,3.4.3
circlize,/Users/jenny/resources/R/library,0.4.3,NA,3.4.3
CircStats,/Users/jenny/resources/R/library,0.2-4,NA,3.4.0
circular,/Users/jenny/resources/R/library,0.4-93,NA,3.4.1
cli,/Users/jenny/resources/R/library,1.0.0,NA,3.4.2
clipr,/Users/jenny/resources/R/library,0.4.0,NA,3.4.2
clisymbols,/Users/jenny/resources/R/library,1.2.0,NA,3.4.0
cmprsk,/Users/jenny/resources/R/library,2.2-7,NA,3.4.0
coda,/Users/jenny/resources/R/library,0.19-1,NA,3.4.0
coin,/Users/jenny/resources/R/library,1.2-2,NA,3.4.3
colorRamps,/Users/jenny/resources/R/library,2.3,NA,3.4.0
colorspace,/Users/jenny/resources/R/library,1.3-2,NA,3.4.0
colourpicker,/Users/jenny/resources/R/library,1.0,NA,3.4.2
combinat,/Users/jenny/resources/R/library,0.0-8,NA,3.4.0
commonmark,/Users/jenny/resources/R/library,1.4,NA,3.4.1
CompQuadForm,/Users/jenny/resources/R/library,1.4.3,NA,3.4.0
condvis,/Users/jenny/resources/R/library,0.4-2,NA,3.4.2
corpcor,/Users/jenny/resources/R/library,1.6.9,NA,3.4.0
corrgram,/Users/jenny/resources/R/library,1.12,NA,3.4.0
corrplot,/Users/jenny/resources/R/library,0.84,NA,3.4.2
countrycode,/Users/jenny/resources/R/library,0.19,NA,3.4.0
covr,/Users/jenny/resources/R/library,3.0.1,NA,3.4.2
cowplot,/Users/jenny/resources/R/library,0.9.2,NA,3.4.3
coxme,/Users/jenny/resources/R/library,2.2-7,optional,3.4.3
crancache,/Users/jenny/resources/R/library,0.0.0.9000,NA,3.4.2
cranlike,/Users/jenny/resources/R/library,1.0.1,NA,3.4.1
cranlogs,/Users/jenny/resources/R/library,2.1.0,NA,3.4.0
crayon,/Users/jenny/resources/R/library,1.3.4,NA,3.4.1
crminer,/Users/jenny/resources/R/library,0.1.4,NA,3.4.1
crosstalk,/Users/jenny/resources/R/library,1.0.0,NA,3.4.0
crul,/Users/jenny/resources/R/library,0.5.0,NA,3.4.3
cshapes,/Users/jenny/resources/R/library,0.6,NA,3.4.0
csvy,/Users/jenny/resources/R/library,0.1.3,NA,3.4.0
ctv,/Users/jenny/resources/R/library,0.8-4,NA,3.4.3
cubature,/Users/jenny/resources/R/library,1.3-11,NA,3.4.1
curl,/Users/jenny/resources/R/library,3.1,NA,3.4.3
CVST,/Users/jenny/resources/R/library,0.2-1,NA,3.4.0
cyclocomp,/Users/jenny/resources/R/library,1.1.0,NA,3.4.0
d3heatmap,/Users/jenny/resources/R/library,0.6.1.1,NA,3.4.0
DAAG,/Users/jenny/resources/R/library,1.22,NA,3.4.0
daff,/Users/jenny/resources/R/library,0.3.0,NA,3.4.0
data.table,/Users/jenny/resources/R/library,1.10.4-3,NA,3.4.2
datapasta,/Users/jenny/resources/R/library,3.0.0,NA,3.4.3
DBI,/Users/jenny/resources/R/library,0.7,NA,3.4.0
DBItest,/Users/jenny/resources/R/library,1.5-2,NA,3.4.3
dbplyr,/Users/jenny/resources/R/library,1.2.0,NA,3.4.3
ddalpha,/Users/jenny/resources/R/library,1.3.1,NA,3.4.2
ddpcr,/Users/jenny/resources/R/library,1.8,NA,3.4.1
debugme,/Users/jenny/resources/R/library,1.1.0.9000,NA,3.4.3
degreenet,/Users/jenny/resources/R/library,1.3-1,NA,3.4.0
deldir,/Users/jenny/resources/R/library,0.1-14,NA,3.4.0
dendextend,/Users/jenny/resources/R/library,1.6.0,NA,3.4.2
DendSer,/Users/jenny/resources/R/library,1.0.1,NA,3.4.0
DEoptimR,/Users/jenny/resources/R/library,1.0-8,NA,3.4.0
deparse,/Users/jenny/resources/R/library,0.0-1,NA,3.4.2
desc,/Users/jenny/resources/R/library,1.1.1,NA,3.4.1
descr,/Users/jenny/resources/R/library,1.1.4,NA,3.4.3
DescTools,/Users/jenny/resources/R/library,0.99.23,NA,3.4.3
deSolve,/Users/jenny/resources/R/library,1.20,NA,3.4.1
devtools,/Users/jenny/resources/R/library,1.13.4,NA,3.4.2
dfoptim,/Users/jenny/resources/R/library,2017.12-1,NA,3.4.3
diagram,/Users/jenny/resources/R/library,1.6.4,NA,3.4.1
DiagrammeR,/Users/jenny/resources/R/library,0.9.2,NA,3.4.1
DiagrammeRsvg,/Users/jenny/resources/R/library,0.1,NA,3.4.0
dichromat,/Users/jenny/resources/R/library,2.0-0,NA,3.4.0
diffobj,/Users/jenny/resources/R/library,0.1.9,NA,3.4.3
diffr,/Users/jenny/resources/R/library,0.1,NA,3.4.0
digest,/Users/jenny/resources/R/library,0.6.15,NA,3.4.3
dimRed,/Users/jenny/resources/R/library,0.1.0,NA,3.4.0
diptest,/Users/jenny/resources/R/library,0.75-7,NA,3.4.0
directlabels,/Users/jenny/resources/R/library,2017.03.31,NA,3.4.0
DistributionUtils,/Users/jenny/resources/R/library,0.5-1,NA,3.4.0
diveMove,/Users/jenny/resources/R/library,1.4.4,NA,3.4.3
doParallel,/Users/jenny/resources/R/library,1.0.11,NA,3.4.2
doRedis,/Users/jenny/resources/R/library,1.1.1,NA,3.4.0
doRNG,/Users/jenny/resources/R/library,1.6.6,NA,3.4.0
DoseFinding,/Users/jenny/resources/R/library,0.9-16,NA,3.4.3
dotCall64,/Users/jenny/resources/R/library,0.9-5.2,NA,3.4.3
downloader,/Users/jenny/resources/R/library,0.4,NA,3.4.0
dplyr,/Users/jenny/resources/R/library,0.7.4,NA,3.4.2
DRR,/Users/jenny/resources/R/library,0.0.3,NA,3.4.3
DT,/Users/jenny/resources/R/library,0.3,NA,3.4.3
dtplyr,/Users/jenny/resources/R/library,0.0.2,NA,3.4.0
dygraphs,/Users/jenny/resources/R/library,1.1.1.4,NA,3.4.0
dynamicTreeCut,/Users/jenny/resources/R/library,1.63-1,NA,3.4.0
dynlm,/Users/jenny/resources/R/library,0.3-5,NA,3.4.0
e1071,/Users/jenny/resources/R/library,1.6-8,NA,3.4.0
Ecdat,/Users/jenny/resources/R/library,0.3-1,NA,3.4.0
Ecfun,/Users/jenny/resources/R/library,0.1-7,NA,3.4.0
effects,/Users/jenny/resources/R/library,4.0-0,NA,3.4.1
elastic,/Users/jenny/resources/R/library,0.8.0.9100,NA,3.4.1
ellipse,/Users/jenny/resources/R/library,0.4.1,NA,3.4.3
emdbook,/Users/jenny/resources/R/library,1.3.9,NA,3.4.0
emojifont,/Users/jenny/resources/R/library,0.5.1,NA,3.4.2
enc,/Users/jenny/resources/R/library,0.1,NA,3.4.2
ensurer,/Users/jenny/resources/R/library,1.1,NA,3.4.0
Epi,/Users/jenny/resources/R/library,2.19,NA,3.4.1
EpiModel,/Users/jenny/resources/R/library,1.6.1,NA,3.4.3
ergm,/Users/jenny/resources/R/library,3.8.0,NA,3.4.1
ergm.count,/Users/jenny/resources/R/library,3.2.2,NA,3.4.0
ergm.userterms,/Users/jenny/resources/R/library,3.1.1,NA,3.4.0
etm,/Users/jenny/resources/R/library,0.6-2,NA,3.4.0
evaluate,/Users/jenny/resources/R/library,0.10.1,NA,3.4.1
evd,/Users/jenny/resources/R/library,2.3-2,NA,3.4.0
expm,/Users/jenny/resources/R/library,0.999-2,NA,3.4.0
extrafont,/Users/jenny/resources/R/library,0.17,NA,3.4.0
extrafontdb,/Users/jenny/resources/R/library,1.0,NA,3.4.0
Fahrmeir,/Users/jenny/resources/R/library,2016.5.31,NA,3.4.0
fail,/Users/jenny/resources/R/library,1.3,NA,3.4.0
fastICA,/Users/jenny/resources/R/library,1.2-1,NA,3.4.0
fastmatch,/Users/jenny/resources/R/library,1.1-0,NA,3.4.0
fBasics,/Users/jenny/resources/R/library,3042.89,NA,3.4.2
fda,/Users/jenny/resources/R/library,2.4.7,NA,3.4.1
fdrtool,/Users/jenny/resources/R/library,1.2.15,NA,3.4.0
feather,/Users/jenny/resources/R/library,0.3.1,NA,3.4.0
ff,/Users/jenny/resources/R/library,2.2-13,NA,3.4.0
ffbase,/Users/jenny/resources/R/library,0.12.3,NA,3.4.0
fftwtools,/Users/jenny/resources/R/library,0.9-8,NA,3.4.0
fGarch,/Users/jenny/resources/R/library,3042.83,NA,3.4.2
fields,/Users/jenny/resources/R/library,9.0,NA,3.4.0
filehash,/Users/jenny/resources/R/library,2.4-1,NA,3.4.0
filelock,/Users/jenny/resources/R/library,0.0.0.9000,NA,3.4.2
findpython,/Users/jenny/resources/R/library,1.0.3,NA,3.4.3
fit.models,/Users/jenny/resources/R/library,0.5-14,NA,3.4.0
fitdistrplus,/Users/jenny/resources/R/library,1.0-9,NA,3.4.0
flexclust,/Users/jenny/resources/R/library,1.3-4,NA,3.4.0
flexdashboard,/Users/jenny/resources/R/library,0.5.1,NA,3.4.2
flexmix,/Users/jenny/resources/R/library,2.3-14,NA,3.4.0
flexsurv,/Users/jenny/resources/R/library,1.1,NA,3.4.0
FMStable,/Users/jenny/resources/R/library,0.1-2,NA,3.4.0
FNN,/Users/jenny/resources/R/library,1.1,NA,3.4.0
fontBitstreamVera,/Users/jenny/resources/R/library,0.1.1,NA,3.4.0
fontcm,/Users/jenny/resources/R/library,1.1,NA,3.4.0
fontLiberation,/Users/jenny/resources/R/library,0.1.0,NA,3.4.0
fontquiver,/Users/jenny/resources/R/library,0.2.1,NA,3.4.0
forcats,/Users/jenny/resources/R/library,0.2.0,NA,3.4.0
foreach,/Users/jenny/resources/R/library,1.4.4,NA,3.4.3
forecast,/Users/jenny/resources/R/library,8.2,NA,3.4.2
formatR,/Users/jenny/resources/R/library,1.5,NA,3.4.0
formattable,/Users/jenny/resources/R/library,0.2.0.1,NA,3.4.0
Formula,/Users/jenny/resources/R/library,1.2-2,NA,3.4.1
fortunes,/Users/jenny/resources/R/library,1.5-4,NA,3.4.0
fpc,/Users/jenny/resources/R/library,2.1-11,NA,3.4.3
fracdiff,/Users/jenny/resources/R/library,1.4-2,NA,3.4.0
franc,/Users/jenny/resources/R/library,1.1.1,NA,3.4.0
FRB,/Users/jenny/resources/R/library,1.8,NA,3.4.0
fs,/Users/jenny/resources/R/library,1.1.0,NA,3.4.3
fTrading,/Users/jenny/resources/R/library,3042.79,NA,3.4.2
fts,/Users/jenny/resources/R/library,0.9.9,NA,3.4.0
fulltext,/Users/jenny/resources/R/library,1.0.0,NA,3.4.3
futile.logger,/Users/jenny/resources/R/library,1.4.3,NA,3.4.0
futile.options,/Users/jenny/resources/R/library,1.0.0,NA,3.4.0
fuzzyjoin,/Users/jenny/resources/R/library,0.1.3,NA,3.4.1
GA,/Users/jenny/resources/R/library,3.0.2,NA,3.4.0
gam,/Users/jenny/resources/R/library,1.14-4,NA,3.4.0
gamlss,/Users/jenny/resources/R/library,5.0-6,NA,3.4.3
gamlss.data,/Users/jenny/resources/R/library,5.0-0,NA,3.4.0
gamlss.dist,/Users/jenny/resources/R/library,5.0-4,NA,3.4.3
gamm4,/Users/jenny/resources/R/library,0.2-5,NA,3.4.1
gapminder,/Users/jenny/resources/R/library,0.3.0,NA,3.4.2
gargle,/Users/jenny/resources/R/library,0.0.0.9000,NA,3.4.2
gclus,/Users/jenny/resources/R/library,1.3.1,NA,3.4.0
gdata,/Users/jenny/resources/R/library,2.18.0,NA,3.4.0
gdtools,/Users/jenny/resources/R/library,0.1.6,NA,3.4.1
gee,/Users/jenny/resources/R/library,4.13-19,NA,3.4.0
geepack,/Users/jenny/resources/R/library,1.2-1,NA,3.4.0
gender,/Users/jenny/resources/R/library,0.5.1,NA,3.4.0
GeneralizedHyperbolic,/Users/jenny/resources/R/library,0.8-1,NA,3.4.0
geonames,/Users/jenny/resources/R/library,0.998,NA,3.4.0
geosphere,/Users/jenny/resources/R/library,1.5-7,NA,3.4.2
GERGM,/Users/jenny/resources/R/library,0.11.2,NA,3.4.0
getopt,/Users/jenny/resources/R/library,1.20.1,NA,3.4.3
GGally,/Users/jenny/resources/R/library,1.3.2,NA,3.4.1
ggalt,/Users/jenny/resources/R/library,0.4.0,NA,3.4.0
ggbeeswarm,/Users/jenny/resources/R/library,0.6.0,NA,3.4.1
ggExtra,/Users/jenny/resources/R/library,0.7,NA,3.4.1
ggforce,/Users/jenny/resources/R/library,0.1.1,NA,3.4.0
ggjoy,/Users/jenny/resources/R/library,0.4.0,NA,3.4.1
ggmap,/Users/jenny/resources/R/library,2.6.1,NA,3.4.0
ggplot2,/Users/jenny/resources/R/library,2.2.1,NA,3.4.0
ggplot2movies,/Users/jenny/resources/R/library,0.0.1,NA,3.4.0
ggraph,/Users/jenny/resources/R/library,1.0.0,NA,3.4.1
ggrepel,/Users/jenny/resources/R/library,0.7.0,NA,3.4.2
ggridges,/Users/jenny/resources/R/library,0.4.1,NA,3.4.1
ggthemes,/Users/jenny/resources/R/library,3.4.0,NA,3.4.0
gh,/Users/jenny/resources/R/library,1.0.1,NA,3.4.1
ghentr,/Users/jenny/resources/R/library,0.0.0.9000,NA,3.4.2
ghit,/Users/jenny/resources/R/library,0.2.18,NA,3.4.1
giggle,/Users/jenny/resources/R/library,0.0.0.9000,NA,3.4.1
gistr,/Users/jenny/resources/R/library,0.4.0,NA,3.4.0
git2r,/Users/jenny/resources/R/library,0.21.0,NA,3.4.2
gitlabr,/Users/jenny/resources/R/library,0.9,NA,3.4.0
glmnet,/Users/jenny/resources/R/library,2.0-13,NA,3.4.2
GlobalOptions,/Users/jenny/resources/R/library,0.0.12,NA,3.4.0
glue,/Users/jenny/resources/R/library,1.2.0.9000,NA,3.4.2
gmailr,/Users/jenny/resources/R/library,0.7.1,NA,3.4.0
gmodels,/Users/jenny/resources/R/library,2.16.2,NA,3.4.0
gmp,/Users/jenny/resources/R/library,0.5-13.1,NA,3.4.1
gnm,/Users/jenny/resources/R/library,1.0-8,NA,3.4.0
gof,/Users/jenny/resources/R/library,0.9.1,NA,3.4.0
goftest,/Users/jenny/resources/R/library,1.1-1,NA,3.4.0
googledrive,/Users/jenny/resources/R/library,0.1.1.9000,NA,3.4.2
googleformr,/Users/jenny/resources/R/library,0.0.3,NA,3.4.0
googlesheets,/Users/jenny/resources/R/library,0.2.2,NA,3.4.0
googleVis,/Users/jenny/resources/R/library,0.6.2,NA,3.4.0
gower,/Users/jenny/resources/R/library,0.1.2,NA,3.4.0
GPArotation,/Users/jenny/resources/R/library,2014.11-1,NA,3.4.0
gpg,/Users/jenny/resources/R/library,0.5,NA,3.4.0
gplots,/Users/jenny/resources/R/library,3.0.1,NA,3.4.0
gridBase,/Users/jenny/resources/R/library,0.4-7,NA,3.4.0
gridExtra,/Users/jenny/resources/R/library,2.3,NA,3.4.1
gridSVG,/Users/jenny/resources/R/library,1.6-0,NA,3.4.2
grImport,/Users/jenny/resources/R/library,0.9-0,NA,3.4.0
gsl,/Users/jenny/resources/R/library,1.9-10.3,NA,3.4.0
gss,/Users/jenny/resources/R/library,2.1-7,NA,3.4.0
gstat,/Users/jenny/resources/R/library,1.1-5,NA,3.4.0
gtable,/Users/jenny/resources/R/library,0.2.0,NA,3.4.0
gtools,/Users/jenny/resources/R/library,3.5.0,NA,3.4.0
gutenbergr,/Users/jenny/resources/R/library,0.1.4,NA,3.4.3
gWidgets,/Users/jenny/resources/R/library,0.0-54,NA,3.4.0
gWidgets2,/Users/jenny/resources/R/library,1.0-7,NA,3.4.0
gWidgets2tcltk,/Users/jenny/resources/R/library,1.0-5,NA,3.4.0
haven,/Users/jenny/resources/R/library,1.1.1,NA,3.4.3
hdrcde,/Users/jenny/resources/R/library,3.1,NA,3.4.0
heatmaply,/Users/jenny/resources/R/library,0.14.0,NA,3.4.3
heplots,/Users/jenny/resources/R/library,1.3-4,NA,3.4.1
here,/Users/jenny/resources/R/library,0.1,NA,3.4.0
hexbin,/Users/jenny/resources/R/library,1.27.2,NA,3.4.3
hflights,/Users/jenny/resources/R/library,0.1,NA,3.4.0
highlight,/Users/jenny/resources/R/library,0.4.7.2,NA,3.4.2
highlite,/Users/jenny/resources/R/library,0.0.0.9000,NA,3.4.1
highr,/Users/jenny/resources/R/library,0.6,NA,3.4.0
Hmisc,/Users/jenny/resources/R/library,4.1-1,NA,3.4.3
hms,/Users/jenny/resources/R/library,0.4.1,NA,3.4.3
hoardr,/Users/jenny/resources/R/library,0.2.0,NA,3.4.0
hrbrthemes,/Users/jenny/resources/R/library,0.1.0,NA,3.4.0
HSAUR,/Users/jenny/resources/R/library,1.3-9,NA,3.4.1
HSAUR2,/Users/jenny/resources/R/library,1.1-17,NA,3.4.1
htmlTable,/Users/jenny/resources/R/library,1.11.2,NA,3.4.3
htmltools,/Users/jenny/resources/R/library,0.3.6,NA,3.4.0
htmlwidgets,/Users/jenny/resources/R/library,1.0,NA,3.4.3
httpcode,/Users/jenny/resources/R/library,0.2.0,NA,3.4.0
httpuv,/Users/jenny/resources/R/library,1.3.5,NA,3.4.1
httr,/Users/jenny/resources/R/library,1.3.1,NA,3.4.1
hunspell,/Users/jenny/resources/R/library,2.9,NA,3.4.3
hwriter,/Users/jenny/resources/R/library,1.3.2,NA,3.4.0
ids,/Users/jenny/resources/R/library,1.0.1,NA,3.4.0
igraph,/Users/jenny/resources/R/library,1.1.2,NA,3.4.1
igraphdata,/Users/jenny/resources/R/library,1.0.1,NA,3.4.0
ineq,/Users/jenny/resources/R/library,0.2-13,NA,3.4.0
influenceR,/Users/jenny/resources/R/library,0.1.0,NA,3.4.0
ini,/Users/jenny/resources/R/library,0.3.0,NA,3.4.2
inline,/Users/jenny/resources/R/library,0.3.14,NA,3.4.0
intergraph,/Users/jenny/resources/R/library,2.0-2,NA,3.4.0
intervals,/Users/jenny/resources/R/library,0.15.1,NA,3.4.0
intubate,/Users/jenny/resources/R/library,1.0.0,NA,3.4.0
iplots,/Users/jenny/resources/R/library,1.1-7,NA,3.4.0
ipred,/Users/jenny/resources/R/library,0.9-6,NA,3.4.0
irlba,/Users/jenny/resources/R/library,2.3.2,NA,3.4.3
ISOcodes,/Users/jenny/resources/R/library,2017.09.27,NA,3.4.2
ISwR,/Users/jenny/resources/R/library,2.0-7,NA,3.4.0
iterators,/Users/jenny/resources/R/library,1.0.9,NA,3.4.3
itertools,/Users/jenny/resources/R/library,0.1-3,NA,3.4.0
janeaustenr,/Users/jenny/resources/R/library,0.1.5,NA,3.4.0
janitor,/Users/jenny/resources/R/library,0.3.1,NA,3.4.3
jose,/Users/jenny/resources/R/library,0.1,NA,3.4.0
jpeg,/Users/jenny/resources/R/library,0.1-8,NA,3.4.0
jsonlite,/Users/jenny/resources/R/library,1.5,NA,3.4.0
kernlab,/Users/jenny/resources/R/library,0.9-25,NA,3.4.0
klaR,/Users/jenny/resources/R/library,0.6-12,NA,3.4.0
knitr,/Users/jenny/resources/R/library,1.18.7,NA,3.4.2
koRpus,/Users/jenny/resources/R/library,0.10-2,NA,3.4.0
ks,/Users/jenny/resources/R/library,1.11.0,NA,3.4.3
labeling,/Users/jenny/resources/R/library,0.3,NA,3.4.0
laeken,/Users/jenny/resources/R/library,0.4.6,NA,3.4.0
LaF,/Users/jenny/resources/R/library,0.8.0,NA,3.4.3
Lahman,/Users/jenny/resources/R/library,6.0-0,NA,3.4.1
lambda.r,/Users/jenny/resources/R/library,1.2,NA,3.4.1
lars,/Users/jenny/resources/R/library,1.2,NA,3.4.0
lasso2,/Users/jenny/resources/R/library,1.2-19,NA,3.4.0
latentnet,/Users/jenny/resources/R/library,2.8.0,NA,3.4.1
later,/Users/jenny/resources/R/library,0.6,NA,3.4.2
latticeExtra,/Users/jenny/resources/R/library,0.6-28,NA,3.4.0
lava,/Users/jenny/resources/R/library,1.6,NA,3.4.3
lavaan,/Users/jenny/resources/R/library,0.5-23.1097,NA,3.4.0
lazyeval,/Users/jenny/resources/R/library,0.2.1,NA,3.4.2
lazyrmd,/Users/jenny/resources/R/library,0.2.0,NA,3.4.0
lda,/Users/jenny/resources/R/library,1.4.2,NA,3.4.0
leaflet,/Users/jenny/resources/R/library,1.1.0,NA,3.4.0
leaps,/Users/jenny/resources/R/library,3.0,NA,3.4.0
LearnBayes,/Users/jenny/resources/R/library,2.15,NA,3.4.0
lfe,/Users/jenny/resources/R/library,2.5-1998,NA,3.4.0
lintr,/Users/jenny/resources/R/library,1.0.2,NA,3.4.2
listviewer,/Users/jenny/resources/R/library,1.4.0,NA,3.4.0
lme4,/Users/jenny/resources/R/library,1.1-15,NA,3.4.3
lmtest,/Users/jenny/resources/R/library,0.9-35,NA,3.4.0
loa,/Users/jenny/resources/R/library,0.2.43.3,NA,3.4.3
locfit,/Users/jenny/resources/R/library,1.5-9.1,NA,3.4.0
logspline,/Users/jenny/resources/R/library,2.1.9,NA,3.4.0
lokern,/Users/jenny/resources/R/library,1.1-8,NA,3.4.0
longmemo,/Users/jenny/resources/R/library,1.0-0,NA,3.4.0
loo,/Users/jenny/resources/R/library,1.1.0,NA,3.4.0
lookup,/Users/jenny/resources/R/library,0.0.0.9000,NA,3.4.1
lpSolve,/Users/jenny/resources/R/library,5.6.13,NA,3.4.0
LSD,/Users/jenny/resources/R/library,4.0-0,NA,3.4.3
lubridate,/Users/jenny/resources/R/library,1.7.1,NA,3.4.2
maddison,/Users/jenny/resources/R/library,0.1,NA,3.4.0
magick,/Users/jenny/resources/R/library,1.6,NA,3.4.3
magrittr,/Users/jenny/resources/R/library,1.5,NA,3.4.0
mallet,/Users/jenny/resources/R/library,1.0,NA,3.4.0
manipulate,/Users/jenny/resources/R/library,1.0.1,NA,3.4.0
mapdata,/Users/jenny/resources/R/library,2.2-6,NA,3.4.0
mapproj,/Users/jenny/resources/R/library,1.2-5,NA,3.4.0
maps,/Users/jenny/resources/R/library,3.2.0,NA,3.4.0
maptools,/Users/jenny/resources/R/library,0.9-2,NA,3.4.0
markdown,/Users/jenny/resources/R/library,0.8,NA,3.4.0
matrixcalc,/Users/jenny/resources/R/library,1.0-3,NA,3.4.0
MatrixModels,/Users/jenny/resources/R/library,0.4-1,NA,3.4.0
matrixStats,/Users/jenny/resources/R/library,0.53.0,NA,3.4.3
maxLik,/Users/jenny/resources/R/library,1.3-4,NA,3.4.0
maxlike,/Users/jenny/resources/R/library,0.1-7,NA,3.4.0
MBESS,/Users/jenny/resources/R/library,4.4.3,NA,3.4.3
mclust,/Users/jenny/resources/R/library,5.4,NA,3.4.3
memisc,/Users/jenny/resources/R/library,0.99.14.9,NA,3.4.3
memoise,/Users/jenny/resources/R/library,1.1.0,NA,3.4.2
MEMSS,/Users/jenny/resources/R/library,0.9-2,NA,3.4.0
mets,/Users/jenny/resources/R/library,1.2.2,NA,3.4.0
mi,/Users/jenny/resources/R/library,1.0,NA,3.4.0
mice,/Users/jenny/resources/R/library,2.46.0,NA,3.4.2
microbenchmark,/Users/jenny/resources/R/library,1.4-4,NA,3.4.3
microdemic,/Users/jenny/resources/R/library,0.2.0,NA,3.4.3
mime,/Users/jenny/resources/R/library,0.5,NA,3.4.0
miniCRAN,/Users/jenny/resources/R/library,0.2.11,NA,3.4.3
miniUI,/Users/jenny/resources/R/library,0.1.1,NA,3.4.0
minqa,/Users/jenny/resources/R/library,1.2.4,NA,3.4.0
misc3d,/Users/jenny/resources/R/library,0.8-4,NA,3.4.0
miscTools,/Users/jenny/resources/R/library,0.6-22,NA,3.4.0
mitools,/Users/jenny/resources/R/library,2.3,NA,3.4.0
mix,/Users/jenny/resources/R/library,1.0-10,NA,3.4.0
mixtools,/Users/jenny/resources/R/library,1.1.0,NA,3.4.0
mlbench,/Users/jenny/resources/R/library,2.1-1,NA,3.4.0
mlmRev,/Users/jenny/resources/R/library,1.0-6,NA,3.4.0
mlogit,/Users/jenny/resources/R/library,0.2-4,NA,3.4.0
mnormt,/Users/jenny/resources/R/library,1.5-5,NA,3.4.0
mockery,/Users/jenny/resources/R/library,0.4.1,NA,3.4.2
ModelMetrics,/Users/jenny/resources/R/library,1.1.0,NA,3.4.0
modelr,/Users/jenny/resources/R/library,0.1.1,NA,3.4.1
modeltools,/Users/jenny/resources/R/library,0.2-21,NA,3.4.0
mondate,/Users/jenny/resources/R/library,0.10.01.02,NA,3.4.0
MonetDB.R,/Users/jenny/resources/R/library,1.0.1,NA,3.4.0
MPV,/Users/jenny/resources/R/library,1.38,NA,3.4.0
mratios,/Users/jenny/resources/R/library,1.3.17,NA,3.4.0
mstate,/Users/jenny/resources/R/library,0.2.10,NA,3.4.0
muhaz,/Users/jenny/resources/R/library,1.2.6,NA,3.4.0
multcomp,/Users/jenny/resources/R/library,1.4-8,NA,3.4.2
multicool,/Users/jenny/resources/R/library,0.1-10,NA,3.4.0
MuMIn,/Users/jenny/resources/R/library,1.40.0,NA,3.4.2
munsell,/Users/jenny/resources/R/library,0.4.3,NA,3.4.0
mvinfluence,/Users/jenny/resources/R/library,0.8,NA,3.4.0
mvtnorm,/Users/jenny/resources/R/library,1.0-7,NA,3.4.3
ncdf4,/Users/jenny/resources/R/library,1.16,NA,3.4.0
NCmisc,/Users/jenny/resources/R/library,1.1.5,NA,3.4.0
ndtv,/Users/jenny/resources/R/library,0.10.0,NA,3.4.0
network,/Users/jenny/resources/R/library,1.13.0,NA,3.4.0
networkDynamic,/Users/jenny/resources/R/library,0.9.0,NA,3.4.0
networksis,/Users/jenny/resources/R/library,2.1-3,NA,3.4.0
nleqslv,/Users/jenny/resources/R/library,3.3.1,NA,3.4.1
nloptr,/Users/jenny/resources/R/library,1.0.4,NA,3.4.0
NLP,/Users/jenny/resources/R/library,0.1-11,NA,3.4.1
NMF,/Users/jenny/resources/R/library,0.20.6,NA,3.4.0
nor1mix,/Users/jenny/resources/R/library,1.2-3,NA,3.4.1
nortest,/Users/jenny/resources/R/library,1.0-4,NA,3.4.0
np,/Users/jenny/resources/R/library,0.60-6,NA,3.4.3
numDeriv,/Users/jenny/resources/R/library,2016.8-1,NA,3.4.0
nws,/Users/jenny/resources/R/library,1.7.0.1,NA,3.4.0
nycflights13,/Users/jenny/resources/R/library,0.2.2,NA,3.4.0
OAIHarvester,/Users/jenny/resources/R/library,0.3-0,NA,3.4.1
OceanView,/Users/jenny/resources/R/library,1.0.4,NA,3.4.0
openair,/Users/jenny/resources/R/library,2.1-5,NA,3.4.1
openNLP,/Users/jenny/resources/R/library,0.2-6,NA,3.4.0
openNLPdata,/Users/jenny/resources/R/library,1.5.3-4,NA,3.4.2
openssl,/Users/jenny/resources/R/library,0.9.9,NA,3.4.2
openxlsx,/Users/jenny/resources/R/library,4.0.17,NA,3.4.0
optextras,/Users/jenny/resources/R/library,2016-8.8,NA,3.4.0
optimx,/Users/jenny/resources/R/library,2013.8.7,NA,3.4.0
optionally,/Users/jenny/resources/R/library,0.0.0.9000,NA,3.4.1
optor,/Users/jenny/resources/R/library,0.0.0.9000,NA,3.4.1
ordinal,/Users/jenny/resources/R/library,2015.6-28,NA,3.4.0
orientlib,/Users/jenny/resources/R/library,0.10.3,NA,3.4.0
oz,/Users/jenny/resources/R/library,1.0-21,NA,3.4.0
packagedocs,/Users/jenny/resources/R/library,0.4.0,NA,3.4.0
packrat,/Users/jenny/resources/R/library,0.4.8-1,NA,3.4.0
pander,/Users/jenny/resources/R/library,0.6.1,NA,3.4.1
parsedate,/Users/jenny/resources/R/library,1.1.3,NA,3.4.0
party,/Users/jenny/resources/R/library,1.2-4,NA,3.4.3
pathological,/Users/jenny/resources/R/library,0.1-2,NA,3.4.0
pbivnorm,/Users/jenny/resources/R/library,0.6.0,NA,3.4.0
pbkrtest,/Users/jenny/resources/R/library,0.4-7,NA,3.4.0
PBSmapping,/Users/jenny/resources/R/library,2.70.4,NA,3.4.1
pcaPP,/Users/jenny/resources/R/library,1.9-73,NA,3.4.3
pdftools,/Users/jenny/resources/R/library,1.5,NA,3.4.2
penalized,/Users/jenny/resources/R/library,0.9-50,NA,3.4.0
PerformanceAnalytics,/Users/jenny/resources/R/library,1.4.3541,NA,3.4.0
permute,/Users/jenny/resources/R/library,0.9-4,NA,3.4.0
pillar,/Users/jenny/resources/R/library,1.1.0,NA,3.4.3
pingr,/Users/jenny/resources/R/library,1.1.2,NA,3.4.0
pipeR,/Users/jenny/resources/R/library,0.6.1.3,NA,3.4.0
pixmap,/Users/jenny/resources/R/library,0.4-11,NA,3.4.0
pkgbuild,/Users/jenny/resources/R/library,0.0.0.9000,NA,3.4.3
pkgconfig,/Users/jenny/resources/R/library,2.0.1,NA,3.4.0
pkgdepends,/Users/jenny/resources/R/library,0.0.0.9000,NA,3.4.2
pkgdown,/Users/jenny/resources/R/library,0.1.0.9000,NA,3.4.1
pkgKitten,/Users/jenny/resources/R/library,0.1.4,NA,3.4.0
pkgload,/Users/jenny/resources/R/library,0.0.0.9000,NA,3.4.3
pkgmaker,/Users/jenny/resources/R/library,0.22,NA,3.4.0
PKI,/Users/jenny/resources/R/library,0.1-5.1,NA,3.4.1
PKPDmodels,/Users/jenny/resources/R/library,0.3.2,NA,3.4.0
plm,/Users/jenny/resources/R/library,1.6-6,NA,3.4.2
plogr,/Users/jenny/resources/R/library,0.1-1,NA,3.4.0
plot3D,/Users/jenny/resources/R/library,1.1.1,NA,3.4.1
plot3Drgl,/Users/jenny/resources/R/library,1.0.1,NA,3.4.0
plotly,/Users/jenny/resources/R/library,4.7.1,NA,3.4.1
plotrix,/Users/jenny/resources/R/library,3.7,NA,3.4.3
pls,/Users/jenny/resources/R/library,2.6-0,NA,3.4.0
plyr,/Users/jenny/resources/R/library,1.8.4,NA,3.4.0
png,/Users/jenny/resources/R/library,0.1-7,NA,3.4.0
poLCA,/Users/jenny/resources/R/library,1.4.1,NA,3.4.0
polspline,/Users/jenny/resources/R/library,1.1.12,NA,3.4.0
polyclip,/Users/jenny/resources/R/library,1.6-1,NA,3.4.0
polycor,/Users/jenny/resources/R/library,0.7-9,NA,3.4.0
prabclus,/Users/jenny/resources/R/library,2.2-6,NA,3.4.0
praise,/Users/jenny/resources/R/library,1.0.0,NA,3.4.1
prettyunits,/Users/jenny/resources/R/library,1.0.2,NA,3.4.0
processx,/Users/jenny/resources/R/library,3.0.3,NA,3.4.3
prodlim,/Users/jenny/resources/R/library,1.6.1,NA,3.4.0
profdpm,/Users/jenny/resources/R/library,3.3,NA,3.4.0
proftools,/Users/jenny/resources/R/library,0.99-2,NA,3.4.0
profvis,/Users/jenny/resources/R/library,0.3.4,NA,3.4.3
progress,/Users/jenny/resources/R/library,1.1.2.9000,NA,3.4.2
proj4,/Users/jenny/resources/R/library,1.0-8,NA,3.4.0
prospectr,/Users/jenny/resources/R/library,0.1.3,NA,3.4.0
proto,/Users/jenny/resources/R/library,1.0.0,NA,3.4.0
proxy,/Users/jenny/resources/R/library,0.4-21,NA,3.4.3
pryr,/Users/jenny/resources/R/library,0.1.3,NA,3.4.2
pscl,/Users/jenny/resources/R/library,1.5.2,NA,3.4.2
psych,/Users/jenny/resources/R/library,1.7.8,NA,3.4.3
purrr,/Users/jenny/resources/R/library,0.2.4,NA,3.4.2
pvclust,/Users/jenny/resources/R/library,2.0-0,NA,3.4.0
qap,/Users/jenny/resources/R/library,0.1-1,NA,3.4.0
qdapDictionaries,/Users/jenny/resources/R/library,1.0.6,NA,3.4.0
qdapRegex,/Users/jenny/resources/R/library,0.7.2,NA,3.4.0
qdapTools,/Users/jenny/resources/R/library,1.3.3,NA,3.4.1
quadprog,/Users/jenny/resources/R/library,1.5-5,NA,3.4.0
quanteda,/Users/jenny/resources/R/library,0.99.9,NA,3.4.2
quantmod,/Users/jenny/resources/R/library,0.4-12,NA,3.4.3
quantreg,/Users/jenny/resources/R/library,5.34,NA,3.4.2
qvcalc,/Users/jenny/resources/R/library,0.9-1,NA,3.4.2
R.cache,/Users/jenny/resources/R/library,0.13.0,NA,3.4.3
R.devices,/Users/jenny/resources/R/library,2.15.1,NA,3.4.0
R.methodsS3,/Users/jenny/resources/R/library,1.7.1,NA,3.4.0
R.oo,/Users/jenny/resources/R/library,1.21.0,NA,3.4.0
R.rsp,/Users/jenny/resources/R/library,0.42.0,NA,3.4.3
R.utils,/Users/jenny/resources/R/library,2.6.0,NA,3.4.2
R2Cuba,/Users/jenny/resources/R/library,1.1-0,NA,3.4.0
R2HTML,/Users/jenny/resources/R/library,2.3.2,NA,3.4.0
R2jags,/Users/jenny/resources/R/library,0.5-7,NA,3.4.0
R2OpenBUGS,/Users/jenny/resources/R/library,3.2-3.2,NA,3.4.0
R2WinBUGS,/Users/jenny/resources/R/library,2.1-21,NA,3.4.0
R6,/Users/jenny/resources/R/library,2.2.2,NA,3.4.0
RandomFields,/Users/jenny/resources/R/library,3.1.50,NA,3.4.0
RandomFieldsUtils,/Users/jenny/resources/R/library,0.3.25,NA,3.4.0
randomForest,/Users/jenny/resources/R/library,4.6-12,NA,3.4.0
RANN,/Users/jenny/resources/R/library,2.5.1,NA,3.4.0
rappdirs,/Users/jenny/resources/R/library,0.3.1,NA,3.4.0
raster,/Users/jenny/resources/R/library,2.6-7,NA,3.4.2
rasterVis,/Users/jenny/resources/R/library,0.43,NA,3.4.3
rbenchmark,/Users/jenny/resources/R/library,1.0.0,NA,3.4.0
Rcgmin,/Users/jenny/resources/R/library,2013-2.21,NA,3.4.0
rChoiceDialogs,/Users/jenny/resources/R/library,1.0.6,NA,3.4.0
rcmdcheck,/Users/jenny/resources/R/library,1.2.1.9005,NA,3.4.2
Rcmdr,/Users/jenny/resources/R/library,2.4-1,NA,3.4.2
RcmdrMisc,/Users/jenny/resources/R/library,1.0-7,NA,3.4.3
RColorBrewer,/Users/jenny/resources/R/library,1.1-2,NA,3.4.0
Rcpp,/Users/jenny/resources/R/library,0.12.15,NA,3.4.3
RcppArmadillo,/Users/jenny/resources/R/library,0.8.300.1.0,NA,3.4.3
RcppEigen,/Users/jenny/resources/R/library,0.3.3.3.1,NA,3.4.3
RcppParallel,/Users/jenny/resources/R/library,4.3.20,NA,3.4.0
RcppRoll,/Users/jenny/resources/R/library,0.2.2,NA,3.4.0
rcrossref,/Users/jenny/resources/R/library,0.8.0,NA,3.4.3
Rcsdp,/Users/jenny/resources/R/library,0.1.55,NA,3.4.0
RCurl,/Users/jenny/resources/R/library,1.95-4.10,NA,3.4.3
Rd2roxygen,/Users/jenny/resources/R/library,1.6.2,NA,3.4.0
rdrop2,/Users/jenny/resources/R/library,0.8.1,NA,3.4.2
readbitmap,/Users/jenny/resources/R/library,0.1-4,NA,3.4.0
reader,/Users/jenny/resources/R/library,1.0.6,NA,3.4.0
readODS,/Users/jenny/resources/R/library,1.6.4,NA,3.4.0
readOffice,/Users/jenny/resources/R/library,0.2.2,NA,3.4.0
readr,/Users/jenny/resources/R/library,1.1.1.9000,NA,3.4.2
readstata13,/Users/jenny/resources/R/library,0.9.0,NA,3.4.0
readxl,/Users/jenny/resources/R/library,1.0.0.9000,NA,3.4.1
rebird,/Users/jenny/resources/R/library,0.4.0,NA,3.4.0
recipes,/Users/jenny/resources/R/library,0.1.2,NA,3.4.3
registry,/Users/jenny/resources/R/library,0.5,NA,3.4.3
relevent,/Users/jenny/resources/R/library,1.0-4,NA,3.4.0
relimp,/Users/jenny/resources/R/library,1.0-5,NA,3.4.0
rem,/Users/jenny/resources/R/library,1.2.8,NA,3.4.1
rematch,/Users/jenny/resources/R/library,1.0.1,NA,3.4.0
rematch2,/Users/jenny/resources/R/library,2.0.1,NA,3.4.1
remotes,/Users/jenny/resources/R/library,1.1.1,NA,3.4.2
rentrez,/Users/jenny/resources/R/library,1.1.0,NA,3.4.0
reports,/Users/jenny/resources/R/library,0.1.4,NA,3.4.0
repr,/Users/jenny/resources/R/library,0.12.0,NA,3.4.0
reprex,/Users/jenny/resources/R/library,0.1.1.9000,NA,3.4.3
repurrrsive,/Users/jenny/resources/R/library,0.1.0,NA,3.4.1
reshape,/Users/jenny/resources/R/library,0.8.7,NA,3.4.1
reshape2,/Users/jenny/resources/R/library,1.4.3,NA,3.4.3
reticulate,/Users/jenny/resources/R/library,1.4,NA,3.4.3
revdepcheck,/Users/jenny/resources/R/library,1.0.0.9000,NA,3.4.2
rex,/Users/jenny/resources/R/library,1.1.2,NA,3.4.2
rfigshare,/Users/jenny/resources/R/library,0.3.7,NA,3.4.0
rgdal,/Users/jenny/resources/R/library,1.2-16,NA,3.4.3
rgeos,/Users/jenny/resources/R/library,0.3-26,NA,3.4.2
rgexf,/Users/jenny/resources/R/library,0.15.3,NA,3.4.0
rgl,/Users/jenny/resources/R/library,0.99.9,NA,3.4.3
rglwidget,/Users/jenny/resources/R/library,0.2.1,NA,3.4.0
RgoogleMaps,/Users/jenny/resources/R/library,1.4.1,NA,3.4.0
RGraphics,/Users/jenny/resources/R/library,2.0-14,NA,3.4.0
rhub,/Users/jenny/resources/R/library,1.0.2,NA,3.4.2
rio,/Users/jenny/resources/R/library,0.5.5,NA,3.4.0
rjags,/Users/jenny/resources/R/library,4-6,NA,3.4.0
rJava,/Users/jenny/resources/R/library,0.9-9,NA,3.4.2
rjson,/Users/jenny/resources/R/library,0.2.15,NA,3.4.0
RJSONIO,/Users/jenny/resources/R/library,1.3-0,NA,3.4.0
rlang,/Users/jenny/resources/R/library,0.1.6.9003,NA,3.4.3
rlecuyer,/Users/jenny/resources/R/library,0.3-4,NA,3.4.0
rlist,/Users/jenny/resources/R/library,0.4.6.1,NA,3.4.0
rmarkdown,/Users/jenny/resources/R/library,1.8,NA,3.4.2
rmdshower,/Users/jenny/resources/R/library,2.0.0,NA,3.4.0
Rmpfr,/Users/jenny/resources/R/library,0.7-0,NA,3.4.3
rms,/Users/jenny/resources/R/library,5.1-2,NA,3.4.3
RMySQL,/Users/jenny/resources/R/library,0.10.13,NA,3.4.1
rngtools,/Users/jenny/resources/R/library,1.2.4,NA,3.4.0
robust,/Users/jenny/resources/R/library,0.4-18,NA,3.4.0
robustbase,/Users/jenny/resources/R/library,0.92-7,NA,3.4.0
ROCR,/Users/jenny/resources/R/library,1.0-7,NA,3.4.0
Rook,/Users/jenny/resources/R/library,1.1-1,NA,3.4.0
roxygen2,/Users/jenny/resources/R/library,6.0.1.9000,NA,3.4.3
roxygen2md,/Users/jenny/resources/R/library,0.0-3,NA,3.4.1
rpanel,/Users/jenny/resources/R/library,1.1-3,NA,3.4.0
rpf,/Users/jenny/resources/R/library,0.56,NA,3.4.3
rplos,/Users/jenny/resources/R/library,0.8.0,NA,3.4.2
RPostgreSQL,/Users/jenny/resources/R/library,0.6-2,NA,3.4.1
rprintf,/Users/jenny/resources/R/library,0.2.1,NA,3.4.0
rprojroot,/Users/jenny/resources/R/library,1.3-2,NA,3.4.2
RPushbullet,/Users/jenny/resources/R/library,0.3.1,NA,3.4.0
rrcov,/Users/jenny/resources/R/library,1.4-3,NA,3.4.0
rredis,/Users/jenny/resources/R/library,1.7.0,NA,3.4.0
RSclient,/Users/jenny/resources/R/library,0.7-3,NA,3.4.0
rsconnect,/Users/jenny/resources/R/library,0.8.5,NA,3.4.1
Rserve,/Users/jenny/resources/R/library,1.7-3,NA,3.4.0
RSiena,/Users/jenny/resources/R/library,1.2-3,NA,3.4.1
Rsolnp,/Users/jenny/resources/R/library,1.16,NA,3.4.0
RSpectra,/Users/jenny/resources/R/library,0.12-0,NA,3.4.0
RSQLite,/Users/jenny/resources/R/library,2.0,NA,3.4.1
rstan,/Users/jenny/resources/R/library,2.17.3,NA,3.4.3
rstantools,/Users/jenny/resources/R/library,1.4.0,NA,3.4.3
rstudioapi,/Users/jenny/resources/R/library,0.7.0-9000,NA,3.4.2
rsvg,/Users/jenny/resources/R/library,1.1,NA,3.4.0
rticles,/Users/jenny/resources/R/library,0.4.1,NA,3.4.1
Rttf2pt1,/Users/jenny/resources/R/library,1.3.5,NA,3.4.3
rtweet,/Users/jenny/resources/R/library,0.6.0,NA,3.4.2
rugarch,/Users/jenny/resources/R/library,1.3-8,NA,3.4.2
RUnit,/Users/jenny/resources/R/library,0.4.31,NA,3.4.0
rvcheck,/Users/jenny/resources/R/library,0.0.9,NA,3.4.1
rversions,/Users/jenny/resources/R/library,1.0.3,NA,3.4.0
rvest,/Users/jenny/resources/R/library,0.3.2,NA,3.4.0
Rvmmin,/Users/jenny/resources/R/library,2017-7.18,NA,3.4.1
sampleSelection,/Users/jenny/resources/R/library,1.2-0,NA,3.4.3
sandwich,/Users/jenny/resources/R/library,2.4-0,NA,3.4.1
scagnostics,/Users/jenny/resources/R/library,0.2-4,NA,3.4.0
scales,/Users/jenny/resources/R/library,0.5.0,NA,3.4.1
scatterplot3d,/Users/jenny/resources/R/library,0.3-40,NA,3.4.0
SchemaOnRead,/Users/jenny/resources/R/library,1.0.2,NA,3.4.0
schoolmath,/Users/jenny/resources/R/library,0.4,NA,3.4.0
scrypt,/Users/jenny/resources/R/library,0.1.1,NA,3.4.0
segmented,/Users/jenny/resources/R/library,0.5-3.0,NA,3.4.3
SEL,/Users/jenny/resources/R/library,1.0-2,NA,3.4.0
selectr,/Users/jenny/resources/R/library,0.3-1,NA,3.4.0
sem,/Users/jenny/resources/R/library,3.1-9,NA,3.4.0
semTools,/Users/jenny/resources/R/library,0.4-14,NA,3.4.0
sendmailR,/Users/jenny/resources/R/library,1.2-1,NA,3.4.0
seriation,/Users/jenny/resources/R/library,1.2-2,NA,3.4.0
servr,/Users/jenny/resources/R/library,0.8,NA,3.4.2
sessioninfo,/Users/jenny/resources/R/library,1.0.1.9000,NA,3.4.1
setRNG,/Users/jenny/resources/R/library,2013.9-1,NA,3.4.0
sfsmisc,/Users/jenny/resources/R/library,1.1-1,NA,3.4.0
shape,/Users/jenny/resources/R/library,1.4.3,NA,3.4.1
shiny,/Users/jenny/resources/R/library,1.0.5,NA,3.4.1
shinyAce,/Users/jenny/resources/R/library,0.2.1,NA,3.4.0
shinyjs,/Users/jenny/resources/R/library,1.0,NA,3.4.3
shinystan,/Users/jenny/resources/R/library,2.4.0,NA,3.4.1
shinythemes,/Users/jenny/resources/R/library,1.1.1,NA,3.4.0
showtext,/Users/jenny/resources/R/library,0.5-1,NA,3.4.3
showtextdb,/Users/jenny/resources/R/library,2.0,NA,3.4.1
SimComp,/Users/jenny/resources/R/library,3.2,NA,3.4.1
simputation,/Users/jenny/resources/R/library,0.2.2,NA,3.4.0
SkewHyperbolic,/Users/jenny/resources/R/library,0.3-2,NA,3.4.0
slackr,/Users/jenny/resources/R/library,1.4.2,NA,3.4.0
slam,/Users/jenny/resources/R/library,0.1-42,NA,3.4.3
Sleuth2,/Users/jenny/resources/R/library,2.0-4,NA,3.4.0
sm,/Users/jenny/resources/R/library,2.2-5.4,NA,3.4.0
sna,/Users/jenny/resources/R/library,2.4,NA,3.4.0
snow,/Users/jenny/resources/R/library,0.4-2,NA,3.4.0
SnowballC,/Users/jenny/resources/R/library,0.5.1,NA,3.4.0
sodium,/Users/jenny/resources/R/library,1.1,NA,3.4.0
soiltexture,/Users/jenny/resources/R/library,1.4.1,NA,3.4.0
solr,/Users/jenny/resources/R/library,0.1.6,NA,3.4.0
solrium,/Users/jenny/resources/R/library,1.0.0,NA,3.4.2
som,/Users/jenny/resources/R/library,0.3-5.1,NA,3.4.0
sourcetools,/Users/jenny/resources/R/library,0.1.6,NA,3.4.0
sp,/Users/jenny/resources/R/library,1.2-7,NA,3.4.3
spacetime,/Users/jenny/resources/R/library,1.2-1,NA,3.4.2
spacyr,/Users/jenny/resources/R/library,0.9.3,NA,3.4.2
spam,/Users/jenny/resources/R/library,2.1-2,NA,3.4.3
SparseM,/Users/jenny/resources/R/library,1.77,NA,3.4.0
spatstat,/Users/jenny/resources/R/library,1.54-0,NA,3.4.3
spatstat.data,/Users/jenny/resources/R/library,1.2-0,NA,3.4.3
spatstat.utils,/Users/jenny/resources/R/library,1.8-0,NA,3.4.3
spd,/Users/jenny/resources/R/library,2.0-1,NA,3.4.0
spData,/Users/jenny/resources/R/library,0.2.6.9,NA,3.4.3
spdep,/Users/jenny/resources/R/library,0.7-4,NA,3.4.3
spectrolab,/Users/jenny/resources/R/library,0.0.4,NA,3.4.3
speedglm,/Users/jenny/resources/R/library,0.3-2,NA,3.4.0
spelling,/Users/jenny/resources/R/library,1.1,NA,3.4.3
splancs,/Users/jenny/resources/R/library,2.01-40,NA,3.4.0
SQUAREM,/Users/jenny/resources/R/library,2017.10-1,NA,3.4.2
stabledist,/Users/jenny/resources/R/library,0.7-1,NA,3.4.0
StanHeaders,/Users/jenny/resources/R/library,2.17.2,NA,3.4.3
statmod,/Users/jenny/resources/R/library,1.4.30,NA,3.4.0
statnet,/Users/jenny/resources/R/library,2016.9,NA,3.4.0
statnet.common,/Users/jenny/resources/R/library,4.0.0,NA,3.4.1
stm,/Users/jenny/resources/R/library,1.3.0,NA,3.4.1
stopwords,/Users/jenny/resources/R/library,0.9.0,NA,3.4.3
storr,/Users/jenny/resources/R/library,1.1.3,NA,3.4.3
stringdist,/Users/jenny/resources/R/library,0.9.4.6,NA,3.4.1
stringi,/Users/jenny/resources/R/library,1.1.6,NA,3.4.2
stringr,/Users/jenny/resources/R/library,1.2.0.9000,NA,3.4.1
strucchange,/Users/jenny/resources/R/library,1.5-1,NA,3.4.0
styler,/Users/jenny/resources/R/library,1.0.0,NA,3.4.3
survey,/Users/jenny/resources/R/library,3.33,NA,3.4.3
svglite,/Users/jenny/resources/R/library,1.2.1,NA,3.4.1
svUnit,/Users/jenny/resources/R/library,0.7-12,NA,3.4.0
symbols,/Users/jenny/resources/R/library,1.1,NA,3.4.0
sysfonts,/Users/jenny/resources/R/library,0.7.2,NA,3.4.3
systemfit,/Users/jenny/resources/R/library,1.1-20,NA,3.4.0
tables,/Users/jenny/resources/R/library,0.8.3,NA,3.4.2
tcltk2,/Users/jenny/resources/R/library,1.2-11,NA,3.4.0
TeachingDemos,/Users/jenny/resources/R/library,2.10,NA,3.4.0
tensor,/Users/jenny/resources/R/library,1.5,NA,3.4.0
tergm,/Users/jenny/resources/R/library,3.4.1,NA,3.4.1
testit,/Users/jenny/resources/R/library,0.7,NA,3.4.0
testthat,/Users/jenny/resources/R/library,2.0.0,NA,3.4.3
texreg,/Users/jenny/resources/R/library,1.36.23,NA,3.4.0
TH.data,/Users/jenny/resources/R/library,1.0-8,NA,3.4.0
threejs,/Users/jenny/resources/R/library,0.3.1,NA,3.4.1
tibble,/Users/jenny/resources/R/library,1.4.2,NA,3.4.2
tidyr,/Users/jenny/resources/R/library,0.7.2,NA,3.4.2
tidyselect,/Users/jenny/resources/R/library,0.2.3,NA,3.4.2
tidytemplate,/Users/jenny/resources/R/library,0.0.0.9000,NA,3.4.3
tidytext,/Users/jenny/resources/R/library,0.1.6,NA,3.4.3
tidyverse,/Users/jenny/resources/R/library,1.2.1,NA,3.4.2
tiff,/Users/jenny/resources/R/library,0.1-5,NA,3.4.0
tikzDevice,/Users/jenny/resources/R/library,0.10-1,NA,3.4.0
timeDate,/Users/jenny/resources/R/library,3042.101,NA,3.4.2
timereg,/Users/jenny/resources/R/library,1.9.1,NA,3.4.0
timeSeries,/Users/jenny/resources/R/library,3042.102,NA,3.4.2
tis,/Users/jenny/resources/R/library,1.34,NA,3.4.3
tkrplot,/Users/jenny/resources/R/library,0.0-23,NA,3.4.0
tm,/Users/jenny/resources/R/library,0.7-3,NA,3.4.3
tnam,/Users/jenny/resources/R/library,1.6.5,NA,3.4.0
tnet,/Users/jenny/resources/R/library,3.0.14,NA,3.4.0
tokenizers,/Users/jenny/resources/R/library,0.1.4,NA,3.4.0
toOrdinal,/Users/jenny/resources/R/library,1.0-0.0,NA,3.4.1
topicmodels,/Users/jenny/resources/R/library,0.2-7,NA,3.4.2
triebeard,/Users/jenny/resources/R/library,0.3.0,NA,3.4.0
trimcluster,/Users/jenny/resources/R/library,0.1-2,NA,3.4.0
tripack,/Users/jenny/resources/R/library,1.3-8,NA,3.4.0
truncdist,/Users/jenny/resources/R/library,1.0-2,NA,3.4.0
truncnorm,/Users/jenny/resources/R/library,1.0-7,NA,3.4.0
truncreg,/Users/jenny/resources/R/library,0.2-4,NA,3.4.0
trust,/Users/jenny/resources/R/library,0.1-7,NA,3.4.0
TSA,/Users/jenny/resources/R/library,1.01,NA,3.4.0
tseries,/Users/jenny/resources/R/library,0.10-42,NA,3.4.1
tsna,/Users/jenny/resources/R/library,0.2.0,NA,3.4.0
TSP,/Users/jenny/resources/R/library,1.1-5,NA,3.4.0
TTR,/Users/jenny/resources/R/library,0.23-3,NA,3.4.3
tufte,/Users/jenny/resources/R/library,0.3,NA,3.4.3
tweedie,/Users/jenny/resources/R/library,2.3.2,NA,3.4.3
tweenr,/Users/jenny/resources/R/library,0.1.5,NA,3.4.0
twitteR,/Users/jenny/resources/R/library,1.1.9,NA,3.4.0
ucminf,/Users/jenny/resources/R/library,1.1-4,NA,3.4.0
udunits2,/Users/jenny/resources/R/library,0.13,NA,3.4.0
uniReg,/Users/jenny/resources/R/library,1.1,NA,3.4.0
units,/Users/jenny/resources/R/library,0.5-1,NA,3.4.3
unmarked,/Users/jenny/resources/R/library,0.12-2,NA,3.4.0
urca,/Users/jenny/resources/R/library,1.3-0,NA,3.4.0
urltools,/Users/jenny/resources/R/library,1.7.0,NA,3.4.3
usethis,/Users/jenny/resources/R/library,1.2.0,NA,3.4.3
utf8,/Users/jenny/resources/R/library,1.1.3,NA,3.4.2
uuid,/Users/jenny/resources/R/library,0.1-2,NA,3.4.0
V8,/Users/jenny/resources/R/library,1.5,NA,3.4.0
vars,/Users/jenny/resources/R/library,1.5-2,NA,3.4.0
vcd,/Users/jenny/resources/R/library,1.4-4,NA,3.4.3
vcdExtra,/Users/jenny/resources/R/library,0.7-1,NA,3.4.2
vegan,/Users/jenny/resources/R/library,2.4-6,NA,3.4.3
VennDiagram,/Users/jenny/resources/R/library,1.6.18,NA,3.4.3
venneuler,/Users/jenny/resources/R/library,1.1-0,NA,3.4.0
VGAM,/Users/jenny/resources/R/library,1.0-4,NA,3.4.1
VIM,/Users/jenny/resources/R/library,4.7.0,NA,3.4.0
vioplot,/Users/jenny/resources/R/library,0.2,NA,3.4.0
vipor,/Users/jenny/resources/R/library,0.4.5,NA,3.4.0
viridis,/Users/jenny/resources/R/library,0.4.1,NA,3.4.3
viridisLite,/Users/jenny/resources/R/library,0.2.0,NA,3.4.0
visdat,/Users/jenny/resources/R/library,0.1.0,NA,3.4.1
visNetwork,/Users/jenny/resources/R/library,2.0.3,NA,3.4.3
vrmlgen,/Users/jenny/resources/R/library,1.4.9,NA,3.4.0
waveslim,/Users/jenny/resources/R/library,1.7.5,NA,3.4.0
wbstats,/Users/jenny/resources/R/library,0.2,NA,3.4.3
webshot,/Users/jenny/resources/R/library,0.5.0,NA,3.4.3
wesanderson,/Users/jenny/resources/R/library,0.3.2,NA,3.4.0
whisker,/Users/jenny/resources/R/library,0.4,NA,3.4.1
whoami,/Users/jenny/resources/R/library,1.1.2,NA,3.4.2
withr,/Users/jenny/resources/R/library,2.1.1,NA,3.4.3
wordcloud,/Users/jenny/resources/R/library,2.5,NA,3.4.0
wordcloud2,/Users/jenny/resources/R/library,0.2.1,NA,3.4.3
wordcountaddin,/Users/jenny/resources/R/library,0.2.0,NA,3.4.1
WriteXLS,/Users/jenny/resources/R/library,4.0.0,NA,3.4.0
xergm,/Users/jenny/resources/R/library,1.8.2,NA,3.4.0
xergm.common,/Users/jenny/resources/R/library,1.7.7,NA,3.4.0
xfun,/Users/jenny/resources/R/library,0.1,NA,3.4.3
xkcd,/Users/jenny/resources/R/library,0.0.5,NA,3.4.0
XLConnect,/Users/jenny/resources/R/library,0.2-14,NA,3.4.3
XLConnectJars,/Users/jenny/resources/R/library,0.2-14,NA,3.4.3
xlsx,/Users/jenny/resources/R/library,0.5.7,NA,3.4.0
xlsxjars,/Users/jenny/resources/R/library,0.6.1,NA,3.4.0
XML,/Users/jenny/resources/R/library,3.98-1.9,NA,3.4.1
xml2,/Users/jenny/resources/R/library,1.2.0,NA,3.4.3
xmlparsedata,/Users/jenny/resources/R/library,1.0.1,NA,3.4.2
xtable,/Users/jenny/resources/R/library,1.8-2,NA,3.4.0
xts,/Users/jenny/resources/R/library,0.10-1,NA,3.4.3
yaml,/Users/jenny/resources/R/library,2.1.16,NA,3.4.3
zipcode,/Users/jenny/resources/R/library,1.0,NA,3.4.0
zoo,/Users/jenny/resources/R/library,1.8-1,NA,3.4.3
base,/Library/Frameworks/R.framework/Versions/3.4/Resources/library,3.4.3,base,3.4.3
boot,/Library/Frameworks/R.framework/Versions/3.4/Resources/library,1.3-20,recommended,3.4.3
class,/Library/Frameworks/R.framework/Versions/3.4/Resources/library,7.3-14,recommended,3.4.3
cluster,/Library/Frameworks/R.framework/Versions/3.4/Resources/library,2.0.6,recommended,3.4.3
codetools,/Library/Frameworks/R.framework/Versions/3.4/Resources/library,0.2-15,recommended,3.4.3
compiler,/Library/Frameworks/R.framework/Versions/3.4/Resources/library,3.4.3,base,3.4.3
datasets,/Library/Frameworks/R.framework/Versions/3.4/Resources/library,3.4.3,base,3.4.3
foreign,/Library/Frameworks/R.framework/Versions/3.4/Resources/library,0.8-69,recommended,3.4.3
graphics,/Library/Frameworks/R.framework/Versions/3.4/Resources/library,3.4.3,base,3.4.3
grDevices,/Library/Frameworks/R.framework/Versions/3.4/Resources/library,3.4.3,base,3.4.3
grid,/Library/Frameworks/R.framework/Versions/3.4/Resources/library,3.4.3,base,3.4.3
KernSmooth,/Library/Frameworks/R.framework/Versions/3.4/Resources/library,2.23-15,recommended,3.4.3
lattice,/Library/Frameworks/R.framework/Versions/3.4/Resources/library,0.20-35,recommended,3.4.3
MASS,/Library/Frameworks/R.framework/Versions/3.4/Resources/library,7.3-48,recommended,3.4.3
Matrix,/Library/Frameworks/R.framework/Versions/3.4/Resources/library,1.2-12,recommended,3.4.3
methods,/Library/Frameworks/R.framework/Versions/3.4/Resources/library,3.4.3,base,3.4.3
mgcv,/Library/Frameworks/R.framework/Versions/3.4/Resources/library,1.8-23,recommended,3.4.3
nlme,/Library/Frameworks/R.framework/Versions/3.4/Resources/library,3.1-131,recommended,3.4.3
nnet,/Library/Frameworks/R.framework/Versions/3.4/Resources/library,7.3-12,recommended,3.4.3
parallel,/Library/Frameworks/R.framework/Versions/3.4/Resources/library,3.4.3,base,3.4.3
rpart,/Library/Frameworks/R.framework/Versions/3.4/Resources/library,4.1-12,recommended,3.4.3
spatial,/Library/Frameworks/R.framework/Versions/3.4/Resources/library,7.3-11,recommended,3.4.3
splines,/Library/Frameworks/R.framework/Versions/3.4/Resources/library,3.4.3,base,3.4.3
stats,/Library/Frameworks/R.framework/Versions/3.4/Resources/library,3.4.3,base,3.4.3
stats4,/Library/Frameworks/R.framework/Versions/3.4/Resources/library,3.4.3,base,3.4.3
survival,/Library/Frameworks/R.framework/Versions/3.4/Resources/library,2.41-3,recommended,3.4.3
tcltk,/Library/Frameworks/R.framework/Versions/3.4/Resources/library,3.4.3,base,3.4.3
tools,/Library/Frameworks/R.framework/Versions/3.4/Resources/library,3.4.3,base,3.4.3
utils,/Library/Frameworks/R.framework/Versions/3.4/Resources/library,3.4.3,base,3.4.3
